{
  "timestamp": "20251227_014727",
  "training_data_file": "training_data_20251227_013723.csv",
  "policy_features": [
    "wageTax",
    "profitTax",
    "inflationRate",
    "birthRate",
    "minimumWage",
    "unemploymentBenefitRate",
    "universalBasicIncome",
    "wealthTaxThreshold",
    "wealthTaxRate"
  ],
  "outcome_targets": [
    "gdp",
    "unemployment_rate",
    "mean_happiness",
    "mean_health",
    "mean_wage",
    "median_wage",
    "gini_coefficient",
    "government_debt",
    "government_balance",
    "total_household_wealth",
    "num_active_firms"
  ],
  "evaluation_results": {
    "gdp": {
      "train_r2": 0.9972933806231052,
      "test_r2": -0.2999394700898348,
      "test_rmse": 1896.8235570418651,
      "test_mae": 1460.8112916618647,
      "cv_r2_mean": -0.5503458913993413,
      "cv_r2_std": 0.35046588143791363
    },
    "unemployment_rate": {
      "train_r2": 0.9972305957577805,
      "test_r2": -0.03697752333279203,
      "test_rmse": 0.3363543485605732,
      "test_mae": 0.2602500700950622,
      "cv_r2_mean": -1.1176224437200077,
      "cv_r2_std": 1.4784435417490733
    },
    "mean_happiness": {
      "train_r2": 0.9975957701676794,
      "test_r2": -0.4147650379222767,
      "test_rmse": 0.021783139550140045,
      "test_mae": 0.017635787527582335,
      "cv_r2_mean": -0.5038669633512873,
      "cv_r2_std": 0.24679994288455534
    },
    "mean_health": {
      "train_r2": 0.9972836410787507,
      "test_r2": 0.21438905329214886,
      "test_rmse": 0.021526753171061064,
      "test_mae": 0.01797620378898456,
      "cv_r2_mean": -0.14549388566060334,
      "cv_r2_std": 0.23003072755079715
    },
    "mean_wage": {
      "train_r2": 1.0,
      "test_r2": 1.0,
      "test_rmse": 0.0,
      "test_mae": 0.0,
      "cv_r2_mean": 1.0,
      "cv_r2_std": 0.0
    },
    "median_wage": {
      "train_r2": 1.0,
      "test_r2": 1.0,
      "test_rmse": 0.0,
      "test_mae": 0.0,
      "cv_r2_mean": 1.0,
      "cv_r2_std": 0.0
    },
    "gini_coefficient": {
      "train_r2": 0.9592967229706664,
      "test_r2": -0.4549428594422149,
      "test_rmse": 0.002298098089675962,
      "test_mae": 0.0019224159952164143,
      "cv_r2_mean": -0.3267585723290119,
      "cv_r2_std": 0.3862481021337601
    },
    "government_debt": {
      "train_r2": 1.0,
      "test_r2": 1.0,
      "test_rmse": 0.0,
      "test_mae": 0.0,
      "cv_r2_mean": 1.0,
      "cv_r2_std": 0.0
    },
    "government_balance": {
      "train_r2": 0.9965123246508606,
      "test_r2": -0.05085075688924956,
      "test_rmse": 44361.46531244913,
      "test_mae": 37932.39457705674,
      "cv_r2_mean": -0.4016453175882727,
      "cv_r2_std": 0.29463704272699814
    },
    "total_household_wealth": {
      "train_r2": 0.9948515457066438,
      "test_r2": -0.3508823369325784,
      "test_rmse": 612133.8247078803,
      "test_mae": 490485.9753418071,
      "cv_r2_mean": -0.37709120275843655,
      "cv_r2_std": 0.17416219988223197
    },
    "num_active_firms": {
      "train_r2": 0.9969220962346684,
      "test_r2": -0.1332532755075322,
      "test_rmse": 0.9683837490801273,
      "test_mae": 0.8255523681640625,
      "cv_r2_mean": -0.7978292218832621,
      "cv_r2_std": 0.24035966141791112
    }
  },
  "feature_importance": {
    "gdp": {
      "universalBasicIncome": 0.1961226910352707,
      "inflationRate": 0.1485789269208908,
      "wealthTaxRate": 0.12771283090114594,
      "unemploymentBenefitRate": 0.12456300854682922,
      "profitTax": 0.10225913673639297
    },
    "unemployment_rate": {
      "unemploymentBenefitRate": 0.17435461282730103,
      "wealthTaxRate": 0.1327614188194275,
      "universalBasicIncome": 0.11492551118135452,
      "birthRate": 0.11490395665168762,
      "minimumWage": 0.10528549551963806
    },
    "mean_happiness": {
      "wealthTaxRate": 0.17368558049201965,
      "universalBasicIncome": 0.15725655853748322,
      "birthRate": 0.13545851409435272,
      "inflationRate": 0.10206775367259979,
      "wealthTaxThreshold": 0.09820958226919174
    },
    "mean_health": {
      "wealthTaxThreshold": 0.1568867564201355,
      "birthRate": 0.14644235372543335,
      "universalBasicIncome": 0.1377212107181549,
      "wealthTaxRate": 0.1271151751279831,
      "wageTax": 0.11301297694444656
    },
    "mean_wage": {
      "wealthTaxRate": 0.0,
      "wealthTaxThreshold": 0.0,
      "universalBasicIncome": 0.0,
      "unemploymentBenefitRate": 0.0,
      "minimumWage": 0.0
    }
  },
  "model_type": "XGBoost",
  "num_models": 11
}